{
  "config": "quick-5",
  "backend": "opencl",
  "model": "maskgit-256-gq8.gguf",
  "steps": 8,
  "notes": "Flash-attention fp16 K/V tiles (Mali default). Mali cosine 0.99999929 vs PyTorch oracle.",
  "metrics": {
    "n_images": 40,
    "is_mean": 1.3962112069129944,
    "is_std": 0.26082316040992737,
    "top1": 0.699999988079071,
    "top5": 1.0,
    "inception_seconds": 1.3553779125213623,
    "n_pairs": 40,
    "psnr_mean": 9.72360264237299,
    "psnr_min": 6.418810572006652,
    "psnr_max": 12.308322013810118
  }
}